{
  "project_info": {
    "project_number": "175752126543",
    "firebase_url": "https://geoapp-4779e-default-rtdb.europe-west1.firebasedatabase.app",
    "project_id": "geoapp-4779e",
    "storage_bucket": "geoapp-4779e.appspot.com"
  },
  "client": [
    {
      "client_info": {
        "mobilesdk_app_id": "1:175752126543:android:037057775e231ff377ca3a",
        "android_client_info": {
          "package_name": "com.example.musicapp"
        }
      },
      "oauth_client": [
        {
          "client_id": "175752126543-rb9rsgimssseh8sdju458lrp3n251cta.apps.googleusercontent.com",
          "client_type": 1,
          "android_info": {
            "package_name": "com.example.musicapp",
            "certificate_hash": "cb2ff4015738fd957a049815364140cdb1940c67"
          }
        },
        {
          "client_id": "175752126543-otpra8su3bjpe6d7b0aivrmgl8k4fr3k.apps.googleusercontent.com",
          "client_type": 3
        }
      ],
      "api_key": [
        {
          "current_key": "AIzaSyCVaa2TsHOY05v9qXiwlr_qEn4whQQvOIU"
        }
      ],
      "services": {
        "appinvite_service": {
          "other_platform_oauth_client": [
            {
              "client_id": "175752126543-otpra8su3bjpe6d7b0aivrmgl8k4fr3k.apps.googleusercontent.com",
              "client_type": 3
            }
          ]
        }
      }
    }
  ],
  "configuration_version": "1"
}